Date,Transaction_ID,Description,Category,Debit_USD,Credit_USD,Running_Balance_USD
2026-09-02,ACH-paci-0101,CLIENT WIRE SETTLEMENT - FLEET ACCT #884,Client Revenue,0.00,24200.00,73700.00
2026-09-05,CHK-paci-0102,PAYROLL PROCESSING W/E 09/04 - DIRECT DEBIT,Payroll,8800.00,0.00,64900.00
2026-09-08,ACH-paci-0103,WHOLESALE PARTS & INVENTORY SUPPLIES,COGS,5500.00,0.00,59400.00
2026-09-12,ACH-paci-0104,COMMERCIAL CONTRACT PROGRESS BILLING,Client Revenue,0.00,30800.00,90200.00
2026-09-15,ACH-paci-0105,FACILITY COMMERCIAL LEASE / WAREHOUSE,Facility Rent,4400.00,0.00,85800.00
2026-09-18,ACH-paci-0106,UTILITY & THREE-PHASE POWER DIRECT DEBIT,Utilities,2200.00,0.00,83600.00
2026-09-21,ACH-paci-0107,ENTERPRISE FLEET MAINTENANCE INVOICE,Client Revenue,0.00,20900.00,104500.00
2026-09-24,ACH-paci-0108,EXISTING SENIOR EQUIPMENT LEASE DEBIT,Debt Service,3300.00,0.00,101200.00
2026-09-26,CHK-paci-0109,PAYROLL PROCESSING W/E 09/25 - DIRECT DEBIT,Payroll,8800.00,0.00,92400.00
