Month,Gross_Billings_USD,COGS_USD,Gross_Margin_Pct,Operating_Expenses_USD,EBITDA_USD,Existing_Debt_USD,Free_Cash_Flow_USD
Oct-25,63000.00,28980.00,54.0%,17640.00,16380.00,5250.00,11130.00
Nov-25,65520.00,30139.20,54.0%,18345.60,17035.20,5250.00,11785.20
Dec-25,68040.00,31298.40,54.0%,19051.20,17690.40,5250.00,12440.40
Jan-26,70560.00,32457.60,54.0%,19756.80,18345.60,5250.00,13095.60
Feb-26,63000.00,28980.00,54.0%,17640.00,16380.00,5250.00,11130.00
Mar-26,65520.00,30139.20,54.0%,18345.60,17035.20,5250.00,11785.20
Apr-26,68040.00,31298.40,54.0%,19051.20,17690.40,5250.00,12440.40
May-26,70560.00,32457.60,54.0%,19756.80,18345.60,5250.00,13095.60
Jun-26,63000.00,28980.00,54.0%,17640.00,16380.00,5250.00,11130.00
Jul-26,65520.00,30139.20,54.0%,18345.60,17035.20,5250.00,11785.20
Aug-26,68040.00,31298.40,54.0%,19051.20,17690.40,5250.00,12440.40
Sep-26,70560.00,32457.60,54.0%,19756.80,18345.60,5250.00,13095.60
